{"_step":1,"batch_loss":1.3332107067108154,"epoch":0,"step":0,"_timestamp":1.7766508261230645e+09,"epoch_loss":1.3332107067108154,"_wandb":{"runtime":7},"_runtime":7}